brow_ratio,smile_up,mouth_open,mouth_width,head_roll,gaze_x,gaze_y,label,head_roll_abs
0.19995879721616283,-0.39180135489013473,0.0010798053694645543,0.31737777817247953,-6.28479960538165,0.36864150094899256,0.26318725545661714,confused,6.28479960538165
0.19400454764271008,-0.15636782045533784,0.012878125263748338,0.34464763129793086,-3.7929761703189557,0.1796557034941739,0.24112019832695303,confused,3.7929761703189557
0.1945874228930204,-0.15576016657309857,0.012285322813131029,0.34228861605211064,-3.9594365142983268,0.1770125058573282,0.2403780873626215,confused,3.9594365142983268
0.1931515021215916,-0.1552039227010783,0.014139831493558777,0.3352291131656032,-3.8384751217041804,0.1811552021316904,0.23747601437561144,confused,3.8384751217041804
0.2124364347669998,-0.1700602621013517,0.003970826574726753,0.3120101921452068,-0.4265385192832067,0.3586669563359948,0.37063647001754213,confused,0.4265385192832067
0.20823141481738255,-0.16751705871779568,0.0025295294419923164,0.3137237984912818,-0.35622860468904144,0.35335599579894394,0.368900308080541,confused,0.35622860468904144
0.20650051116759285,-0.16662217420311398,0.0015459842649421108,0.3074482345580008,-0.6012121469902995,0.3509033967682,0.3625829138222532,confused,0.6012121469902995
0.19833644643041162,-0.1844955656753328,0.02653754500859664,0.3558215631361282,-0.8733698928807213,0.2183603729318786,0.15868670553638414,confused,0.8733698928807213
0.19750675406718368,-0.18372700245745513,0.018248658423421105,0.3583266685050513,-0.9516170404445119,0.2136272234265668,0.1602733429863988,confused,0.9516170404445119
0.19815412395703105,-0.18637719668383906,0.015264024971651658,0.3554588776369988,-0.9451891533981638,0.21938321205561087,0.1586125865735446,confused,0.9451891533981638
0.20851478536429705,-0.20530716982683248,0.039052105188335434,0.3809780601530101,-1.9769216495874777,0.1917628933212127,0.1672484405997917,confused,1.9769216495874777
0.20348026436057365,-0.1953938464061442,0.023318570181506643,0.37579510492161383,-2.0052572848885983,0.18623631084153192,0.1625570307065055,confused,2.0052572848885983
0.20420209609153114,-0.19572262194387224,0.01966385515362327,0.3713319390813201,-2.127702991082507,0.19084086857971083,0.15891052837578723,confused,2.127702991082507
0.19984522735116125,-0.20090635465815807,0.0010905460271986374,0.33741794131564823,-1.0639134368152967,0.18754135340953684,0.24939417032876687,confused,1.0639134368152967
0.20319633032165227,-0.20250595686252185,0.0007298110585890658,0.33796328797541203,-1.1536839297735835,0.19156554025456143,0.2487213881044586,confused,1.1536839297735835
0.1986724997620485,-0.2038051550446413,0.0010505638905355834,0.3378466517627776,-1.2692456569257184,0.19843440095631518,0.25524427568620756,confused,1.2692456569257184
0.19753599867206875,-0.25819776187229015,0.00852032386540555,0.3683317023341387,-5.512365426843089,0.27916303967402856,0.26094481346961435,confused,5.512365426843089
0.19498579967173704,-0.25330641786763003,0.005229839150089289,0.3734464129310993,-5.559216836401171,0.28877027533003546,0.2513695519857327,confused,5.559216836401171
0.19778262831707638,-0.25293833161535706,0.005763526117937909,0.37818075708102983,-5.5069481817005626,0.26526606580492385,0.2538602795361848,confused,5.5069481817005626
0.23702661299170588,-0.3516340480483112,0.012695752082858607,0.34742673382228156,-3.969851081254906,0.2758221219208853,0.2764001291280132,confused,3.969851081254906
0.21818965747009017,-0.49069291326485415,0.13134071043549425,0.35135083410392143,-4.851829935584216,0.292824920266377,0.27161857174524195,confused,4.851829935584216
0.22825689684198053,-0.26530262604167,0.015164390311410009,0.38662611329627844,-5.590728563305495,0.266711765701554,0.28238084363749455,confused,5.590728563305495
0.22669541142292984,-0.30009676364068866,0.06030179745512346,0.39490037521339344,-0.6327169338711193,0.22877055238166372,0.30326250774921065,confused,0.6327169338711193
0.2370890883796088,-0.2987727725831114,0.002077793772151457,0.3549462120039304,-14.161288698769306,0.25730108850875993,0.2636207137526542,confused,14.161288698769306
0.2170716235952495,-0.12343562506307167,0.09530446050451007,0.4568850149063972,-2.489054050962016,0.1876125336609414,0.17885940679781312,happy,2.489054050962016
0.21818465835220163,-0.11709787086780701,0.09083157323162823,0.4624722421929356,-2.5661831247851086,0.20249592050510964,0.17543674063203168,happy,2.5661831247851086
0.21676135711656375,-0.11570517350066255,0.09137691002131743,0.46449780974326654,-2.536368622364765,0.18250682012326228,0.17264201070904148,happy,2.536368622364765
0.19711522083376012,-0.13518437848382206,0.07762868721036731,0.488313973070725,-2.640127720149178,0.30254634532018,0.10688504830147617,happy,2.640127720149178
0.1994700361838743,-0.13159321467995339,0.07845966636312558,0.491947612506482,-2.620643509923819,0.2765141169775869,0.10399171609343431,happy,2.620643509923819
0.19586300922121688,-0.1283698933607713,0.07376662262947346,0.49717567848890776,-2.9406118243778954,0.2994275333254394,0.10302848819688223,happy,2.9406118243778954
0.2043816090107215,-0.1507557799673109,0.045577411324472086,0.485762884288475,-2.4550236549750597,0.2614402246550795,0.17824029399048855,happy,2.4550236549750597
0.205798098710452,-0.1490824445275036,0.05208166151944485,0.48485272499427245,-2.495711066856924,0.2954292756026558,0.14715915774614752,happy,2.495711066856924
0.2037825760735241,-0.14645418087656106,0.056471311157640286,0.4961826742528981,-2.4774614542948448,0.28614242396341627,0.14389400526000348,happy,2.4774614542948448
0.20858986504761137,-0.11091872173450676,0.12865411640140048,0.4729685575458452,-2.9497140303919562,0.206500780217014,0.19076516018619635,happy,2.9497140303919562
0.2054669288740569,-0.11272959307618309,0.1256373049614986,0.4750134253877848,-2.8547416237524548,0.20761810406145634,0.2010824712882791,happy,2.8547416237524548
0.20413528161682434,-0.1118599870710809,0.1252753223136684,0.4692156697041562,-2.741556565834578,0.19562001113921512,0.1971822353958099,happy,2.741556565834578
0.2057409184007032,-0.17895713487087261,0.11230979810436387,0.5252093725477542,-1.045244603790616,0.2089892956585376,0.15566131036684053,happy,1.045244603790616
0.20705304552525255,-0.1806849616083526,0.13424270448254888,0.5168848688779744,-1.104232902047454,0.2210211230910585,0.14693455929746116,happy,1.104232902047454
0.20824315526971277,-0.18205218720085564,0.11944598204009521,0.524348882510246,-0.8816100722986748,0.22458369169060727,0.16222358255661465,happy,0.8816100722986748
0.1916637668550384,-0.13575577085882407,0.021863060193673206,0.4610010100180424,-3.7223123718809665,0.22759357957002385,0.2428512351634673,happy,3.7223123718809665
0.19722131333834084,-0.1359414115260572,0.02955383083038236,0.4721503746069421,-4.21090769583645,0.20241320644171049,0.23869601588692363,happy,4.21090769583645
0.195833226496531,-0.1333298435323561,0.040852996335752664,0.48189459500176646,-4.120846394954814,0.20205699415911302,0.23641673474418753,happy,4.120846394954814
0.20793443668237463,-0.13042585691802297,0.09306338501443773,0.44875694364255486,0.252951807410979,0.27625377876578516,0.3381050733317201,happy,0.252951807410979
0.2111558627759201,-0.125804964890864,0.10142805964202108,0.4577858983658121,0.29333696913915563,0.2753448968437396,0.33830475499922824,happy,0.29333696913915563
0.21024247968867268,-0.12901051653980017,0.09312355159600252,0.46595662132814153,0.07942025670606456,0.26020967269983125,0.3362746857284296,happy,0.07942025670606456
0.2056547001484044,-0.16459483874470604,0.09779825903889566,0.47229613010706684,0.04085862341316724,0.23985218638842,0.15768214911155304,happy,0.04085862341316724
0.20213014880498612,-0.1617784195081009,0.10153691121154196,0.467493087287936,-0.0674633306873899,0.25691264564007144,0.19717550789926055,happy,0.0674633306873899
0.20982609430643662,-0.16656264552599231,0.09915651588116586,0.4764041508826813,-0.07849635397866567,0.26619793814672743,0.1508956588446305,happy,0.07849635397866567
0.22028446094651627,-0.14828207469109886,0.10341553420891855,0.4960717830554537,2.0380082016431573,0.24164082649056853,0.3174643996014421,happy,2.0380082016431573
0.22194525965249456,-0.15209565275065104,0.09503451592458492,0.49842174845186793,2.128871410214059,0.24241344384634134,0.31528271404103636,happy,2.128871410214059
0.21239024251313388,-0.15129771791080468,0.1027016178756743,0.504405754989035,2.1306094486459695,0.2493645467143203,0.31365535725437726,happy,2.1306094486459695
0.19451078743157182,-0.16060733033630933,0.09294276807009816,0.45673612680834447,3.152039578201892,0.1935244707125575,0.3214792426302616,happy,3.152039578201892
0.19356107334373418,-0.15392302877326677,0.082036637046518,0.44990300082683915,3.2146290232717125,0.19162619975704404,0.3431321435487402,happy,3.2146290232717125
0.1941059097510807,-0.1535466008154949,0.08254031978577496,0.4538805285530449,3.2207877515519825,0.19490325745928563,0.34258383392548786,happy,3.2207877515519825
0.20385295887953864,-0.21628802911501957,0.11140654775528037,0.48713478833368723,-0.8891523489567871,0.1916119063930078,0.16005913582032574,happy,0.8891523489567871
0.20426917227566455,-0.2170641206591136,0.11703050514889742,0.4858105085597341,-0.7656510318867054,0.19196102063415002,0.1512773366910111,happy,0.7656510318867054
0.20643531755546302,-0.21551974563304988,0.12061927809520005,0.4846632957775584,-0.7667647593174891,0.18975307464704494,0.15166298780191087,happy,0.7667647593174891
0.2129431482270892,-0.12349403074934033,0.09452887891066318,0.48962001734818605,0.8369785622045545,0.22438732804038705,0.32055722392572533,happy,0.8369785622045545
0.20452709805633426,-0.1258564850457944,0.09752564587918915,0.49900142875790887,0.5262100829272678,0.20207674715252893,0.33140481818745093,happy,0.5262100829272678
0.20671432181478133,-0.12540796177849356,0.10070391142711389,0.4951038986015462,0.7985353174697917,0.21301713172518524,0.3305784911439367,happy,0.7985353174697917
0.21906470397490804,-0.12256783364734157,0.07687156938520988,0.4909446642163699,-4.45469802081714,0.29923673797671874,0.07519178591613873,happy,4.45469802081714
0.21709554372418005,-0.12322727008423522,0.0852170354058079,0.48868790318427807,-4.244134634235424,0.3111071178639876,0.10427469792161963,happy,4.244134634235424
0.21569334556039246,-0.1239066631791989,0.0814034148161481,0.4858230306442539,-4.398677767032961,0.3258849976811039,0.09938109656698212,happy,4.398677767032961
0.21315715221970216,-0.159275873110794,0.1264158751345517,0.5016958160713424,2.6666782109091467,0.1911256219088719,0.35052655135495325,happy,2.6666782109091467
0.2178978992522031,-0.15368379266039955,0.12951902456444983,0.49795249879131664,2.8827900215467204,0.19412476992449,0.349218142697356,happy,2.8827900215467204
0.21379224531776791,-0.1535264660112522,0.12183667849609968,0.4944403279768976,2.7025245010141465,0.1907112024599312,0.35052102791375583,happy,2.7025245010141465
0.1921084377918412,-0.07500230570523735,0.09506297850260896,0.5077709977858349,-2.6716513257381496,0.18266243951443983,0.18612852826059856,happy,2.6716513257381496
0.19486113053322604,-0.0833841959576711,0.09016993113596701,0.5123398172643716,-3.0843830293373937,0.18935822417781595,0.18669184054592788,happy,3.0843830293373937
0.19251699676321882,-0.08043834407022571,0.0893722702555538,0.5065714218642267,-2.714576808369446,0.1952119715618781,0.18609339352008644,happy,2.714576808369446
0.19029967056536443,-0.0993696806890574,0.061135781721869835,0.4600837244580002,-4.3068710943826645,0.1738704073299544,0.149654713061737,happy,4.3068710943826645
0.19071768358649013,-0.09987043510523744,0.0715212858402997,0.46005215885144074,-4.362623047463964,0.1770121554889144,0.14954995998995368,happy,4.362623047463964
0.19054526300229166,-0.10023590473671715,0.0701616056424047,0.4575182074277583,-4.40155591791797,0.17810397899746566,0.14978674138744952,happy,4.40155591791797
0.20925489827628918,-0.13797538361666128,0.11987516000743458,0.464316526460818,3.149674083421584,0.2531842371401846,0.3589811748574652,happy,3.149674083421584
0.20642474201315034,-0.13744707573160897,0.12883486279778408,0.46705280202191873,3.2001552053599136,0.24815320360515622,0.36105899915985956,happy,3.2001552053599136
0.21065978360088602,-0.1373983138498653,0.1256575867732258,0.46296968558426566,3.229139863923134,0.24248528143636314,0.3628821403088839,happy,3.229139863923134
0.20933979166422947,-0.13429570948156233,0.04854862147681272,0.5052642187319307,5.108658735151815,0.24313953388566306,0.3618133833129147,happy,5.108658735151815
0.2085058540192244,-0.12914969582572863,0.059744084205960356,0.5073879295326682,4.824970742025267,0.22128540445306216,0.36052756317837875,happy,4.824970742025267
0.20893659179078192,-0.13252995908802453,0.050281996615516585,0.5050577915541202,5.016330108890872,0.2315926598782934,0.35955775321921574,happy,5.016330108890872
0.2091180758616092,-0.12987978028469785,0.02364336705693997,0.4683112357564634,-9.011177251068624,0.2356157488995463,0.3136524693909447,happy,9.011177251068624
0.20524938368863313,-0.13157688860583652,0.038867915778206315,0.4655800509934204,-8.687710647032683,0.25476447632932153,0.2553063052187888,happy,8.687710647032683
0.1994338343791188,-0.12889656398562174,0.0456961973264606,0.47331398262708496,-9.368685999122553,0.24014102517845143,0.3190260293819332,happy,9.368685999122553
0.19416741810695243,-0.1340457921567225,0.027193899507257382,0.5146020482778815,-4.480351826962114,0.15639698043604713,0.23771448922227326,happy,4.480351826962114
0.1861600580280586,-0.13556163642458507,0.03006444598748214,0.5075374634839679,-5.058635618315108,0.1507690248646026,0.23768523047516096,happy,5.058635618315108
0.18805878585683225,-0.1351128345613852,0.028812792113222546,0.5106620235630039,-4.972001664721748,0.1531788859502875,0.23834045920947233,happy,4.972001664721748
0.1984491766800458,-0.20492210586697482,0.1309055177515984,0.4544630758408525,0.7770462285604004,0.23040155616744867,0.3022622646770442,happy,0.7770462285604004
0.19756959401731633,-0.20553476897963188,0.13953751417434443,0.46162366096219376,0.8177314354724036,0.23647948912799793,0.30139887098057183,happy,0.8177314354724036
0.1948710614664126,-0.20610706781846896,0.14600943836919975,0.45935413645695433,0.7175406658661776,0.24211458980075387,0.3171279248566302,happy,0.7175406658661776
0.2166848505478281,-0.1534938429116006,0.07183791076211042,0.45269354480638735,-1.0202171406964922,0.23649013884836456,0.32688202637231895,happy,1.0202171406964922
0.21671681274951066,-0.1539091005998387,0.07382994660296033,0.4610818374202184,-0.8564038523513434,0.22912881301935334,0.11577534363550153,happy,0.8564038523513434
0.21929458443083788,-0.15348045661041038,0.07469537674884341,0.455789628121536,-0.9083282473372895,0.24110392269837463,0.32720224100124484,happy,0.9083282473372895
0.2142178820070174,-0.16216902357746066,0.06171279625861917,0.4607985362111985,-0.8532037688268302,0.20642314268829426,0.16342947470690924,happy,0.8532037688268302
0.2117500296502144,-0.15968995088990365,0.060091191428783775,0.44805062056704215,-0.7977818401160655,0.21939790675201667,0.12554502736527165,happy,0.7977818401160655
0.21394936070548465,-0.15782820771834322,0.0755032835187295,0.4489884883769292,-0.6440354836670961,0.21943870067230986,0.1215069167119031,happy,0.6440354836670961
0.21223370204954142,-0.15723948566347176,0.09519164098713322,0.47713759372369235,-4.011862637992242,0.21379405336352894,0.18512029577483055,happy,4.011862637992242
0.22020806872414378,-0.1665843557260335,0.1051632837280865,0.47351943860233403,-3.9989214073898554,0.22505168303168524,0.18961809180830544,happy,3.9989214073898554
0.22033981283154375,-0.15960421576675948,0.09556969276029298,0.4793071388913912,-3.7397295710140774,0.2160462076117643,0.1856347105248272,happy,3.7397295710140774
0.21337831184930145,-0.15679191945881124,0.0720225343372836,0.5134630845809751,2.018659215751085,0.1955265165924969,0.3459557655766426,happy,2.018659215751085
0.213446991498136,-0.1536649312545778,0.06675203517857393,0.5135627596850943,2.0465037323416326,0.18252161662083966,0.34570232665804235,happy,2.0465037323416326
0.21410923002506335,-0.15502487914119073,0.07150633481330355,0.5160673580311738,1.8927320775680896,0.18701556662484967,0.34542331772905355,happy,1.8927320775680896
0.2187332354354653,-0.16385797808041397,0.1282595382676001,0.5037026513986554,-3.9418576795034532,0.41191373057590724,0.3105325292859311,happy,3.9418576795034532
0.2162342363407805,-0.1535543732844001,0.1165493147678083,0.49993965768073867,-4.461512226733002,0.3697258581636747,0.309793790812786,happy,4.461512226733002
0.21667903327613028,-0.14650501870963056,0.1148462529144927,0.5014834190129068,-4.425443242035654,0.3485252449761085,0.1653882506538018,happy,4.425443242035654
0.21286019678631382,-0.13283109189057898,0.07629674671532342,0.5307316561261183,0.8189147827367715,0.2428899775887316,0.3393383100462599,happy,0.8189147827367715
0.21241265694333153,-0.1321697086492272,0.08797869779070899,0.5364881553225832,0.812141457935846,0.24627573438123693,0.3376886177267877,happy,0.812141457935846
0.21067874899767955,-0.1338635392875139,0.09346934547549879,0.5364205810455431,0.9416020198436381,0.2499091651273679,0.3322985722235033,happy,0.9416020198436381
0.21152008408769166,-0.16517012204723075,0.0544741950095841,0.4653041751443195,3.3791623464795766,0.22229653372362057,0.3756570390380865,happy,3.3791623464795766
0.20940880052078042,-0.16648154232296594,0.05641807777257806,0.4580718643874589,3.2574814641846106,0.2132807269283354,0.3738285898409601,happy,3.2574814641846106
0.21256428914899905,-0.16750090902777962,0.05011775906609757,0.4644098468995915,3.2405980606672453,0.23633370538521792,0.3777085185398988,happy,3.2405980606672453
0.19299799674815235,-0.12931998763551875,0.07422739483112491,0.45286343350183367,-0.34536499956242067,0.2436128594256896,0.33130246385521994,happy,0.34536499956242067
0.19403139756936175,-0.12962738091923737,0.06987788064054835,0.4494540069886712,-0.5780681250857439,0.23696066422873693,0.3321190786144491,happy,0.5780681250857439
0.1930526057035724,-0.12953065568435443,0.07365819393583657,0.4481162733737109,-0.5087025932696573,0.22981433834582995,0.3314180462464738,happy,0.5087025932696573
0.20694132642719804,-0.1346553839241836,0.08269800529926345,0.5182442618313726,0.9546400108269502,0.1961564914439433,0.3353722434310806,happy,0.9546400108269502
0.20829824557397264,-0.13403525678845915,0.09034804542050442,0.5162961657765897,0.9990351774099304,0.20205659921335423,0.334757605665778,happy,0.9990351774099304
0.2100672325792949,-0.13768806876920225,0.06678273093659827,0.5164995568346666,1.033564323103631,0.18919057772201145,0.3361021978087949,happy,1.033564323103631
0.20397457467643773,-0.12729200227610638,0.1363326380067048,0.4981308676652057,1.6101167258715985,0.2504081426834734,0.3365765867570714,happy,1.6101167258715985
0.20375259930317724,-0.1254324361096683,0.12674921359610933,0.5005459933881073,1.6724913410597515,0.2325711735290316,0.3336368257536382,happy,1.6724913410597515
0.20293910592682451,-0.12309078852415099,0.13241903104261252,0.4992236713982572,1.5236228229877238,0.2447357114031803,0.33886715534313977,happy,1.5236228229877238
0.2208451418569246,-0.12232028317530046,0.07607987914896859,0.47482561936998413,0.07280827139128519,0.2574235301687063,0.36078050260623007,happy,0.07280827139128519
0.21948493195456048,-0.12483786722341299,0.07128811594270901,0.46943694018898313,-0.09872679785891948,0.22830596043659465,0.3557371730301731,happy,0.09872679785891948
0.22126244655056027,-0.11419894251068213,0.07508838158110485,0.4770405157774542,0.2536302141576654,0.2414890922162773,0.35455363896923286,happy,0.2536302141576654
0.19337803078157603,-0.15772446090118664,0.038115095922052755,0.42151796926649326,-1.4332743613429733,0.23112471683022298,0.329680748158747,happy,1.4332743613429733
0.19170056283415113,-0.16021780398542768,0.038342851230815315,0.4157838198680525,-1.396187348849636,0.26185832762900935,0.31470913821003293,happy,1.396187348849636
0.19533453781601046,-0.1584357104169715,0.037839550917526846,0.42236983009239343,-1.3236946378749646,0.24206094148358315,0.32861407731629544,happy,1.3236946378749646
0.2018439382629944,-0.1027027712977005,0.08078180406845144,0.46037276193726234,-1.2551858253103751,0.19574914548163935,0.17805082034589895,happy,1.2551858253103751
0.20244555714697257,-0.10324860695599415,0.08767956191854255,0.4605249256989501,-1.168750389951754,0.1911993281034251,0.18042994168563686,happy,1.168750389951754
0.20152178720828662,-0.10537075488991146,0.07751276015991959,0.45422923310747165,-1.4158321887233756,0.19429984059404137,0.17758021270191102,happy,1.4158321887233756
0.2350975601424473,-0.09321995093324564,0.11044368309192776,0.49746050927279645,0.9908156537789379,0.2577438674311316,0.3707582596381021,happy,0.9908156537789379
0.23077305792378383,-0.08968109586910669,0.1073807687495212,0.5075655104274148,1.3114181224442887,0.2564256119945937,0.3691525778413048,happy,1.3114181224442887
0.22633462079037814,-0.0923164634156236,0.10496562622105587,0.5038589007002022,1.192111737750205,0.23775390023156728,0.36812916589748396,happy,1.192111737750205
0.20200453570335428,-0.13007890654474133,0.10039114564297065,0.5176543161764104,1.1738754140385803,0.3025225147789019,0.3423455673661644,happy,1.1738754140385803
0.20089808405021203,-0.12914527640211299,0.0949071026061815,0.5346279948945866,1.4021429070329416,0.28961006772156317,0.34243797301503454,happy,1.4021429070329416
0.1992559803929758,-0.133700757866372,0.10097884073839551,0.5354036118451259,1.141957296984133,0.3069188470023805,0.34260133745129556,happy,1.141957296984133
0.19005310000867845,-0.15374599344312334,0.1065142929853744,0.49116354125478706,-0.35952477076973166,0.19643555609909255,0.14720793418099454,happy,0.35952477076973166
0.18809938152517022,-0.14458902537425575,0.14056844254087325,0.5007119645030376,-0.3475616944373832,0.19595529084830543,0.14348710712520518,happy,0.3475616944373832
0.18871235267586015,-0.14979802151019395,0.126417063747225,0.4986462723834704,-0.5463115539427993,0.20068941904192042,0.142056983425504,happy,0.5463115539427993
0.18533547051523636,-0.12827465088784987,0.06328562422398229,0.455243659339946,-1.33871589342712,0.2751019472418928,0.14853832750353463,happy,1.33871589342712
0.1821287204580557,-0.12163127504812714,0.0746934660763914,0.46103768943051787,-1.5723348955747953,0.27179251795410186,0.14182873998783224,happy,1.5723348955747953
0.18383219366930892,-0.12712486636481202,0.07956056039670051,0.4643409345186848,-1.6892317812690418,0.27333823987351596,0.14221105345978172,happy,1.6892317812690418
0.2223884570940501,-0.1342865703871494,0.10108410555756887,0.5857465989465694,-1.21565150583584,0.19518314349571222,0.1930294378686836,happy,1.21565150583584
0.21805776437465493,-0.13061135085684653,0.10017266780792641,0.5866877698303838,-1.4282129982692815,0.1900493634547921,0.19361451929117846,happy,1.4282129982692815
0.21885451946382445,-0.13200586013346544,0.09934218664168631,0.5836948543254517,-1.308085403214304,0.1966221441562485,0.19447340014212836,happy,1.308085403214304
0.19880552297138654,-0.17687782659527673,0.08738115587630393,0.45589239775437157,-1.17054078104397,0.262833703035593,0.3181378818937102,happy,1.17054078104397
0.20020800537452574,-0.17685576791669605,0.08731768514411031,0.45769976046731425,-1.0709483656918288,0.2702684290129373,0.319088372437585,happy,1.0709483656918288
0.19943017681128292,-0.17592417460983115,0.06777208261652964,0.4577149683867655,-1.2220185327821085,0.2590788880727372,0.3192233394700439,happy,1.2220185327821085
0.20873818922615975,-0.14135461633012067,0.07141026078202321,0.4600860974820007,-3.183427765735178,0.3013314977043325,0.10880498942300147,happy,3.183427765735178
0.20328095252448236,-0.13547175809030013,0.07793414738381942,0.4519618285938385,-3.120815100618951,0.3109293572311333,0.10544980787231753,happy,3.120815100618951
0.20982632264995818,-0.14726191742532335,0.07534875420851979,0.4591985571452077,-3.086077374656807,0.27262712280823054,0.11024551195706973,happy,3.086077374656807
0.19779293169641735,-0.15386693990335598,0.07776974222097177,0.4664366241309499,-1.064090618999617,0.2989942609338955,0.3408310282472449,happy,1.064090618999617
0.20070740917095692,-0.15844971540900463,0.07930569426645916,0.4657613539469175,-1.0337762154972492,0.276349665903602,0.32212088800321337,happy,1.0337762154972492
0.1986615310006501,-0.15646864468665464,0.06755492284876385,0.4766172101389853,-1.0984111359504714,0.2901447796228842,0.3206710253648517,happy,1.0984111359504714
0.21306330309540003,-0.12693596028658852,0.08859862770173307,0.45565944907161576,1.5088231542626531,0.1824201634976285,0.3253312836022209,happy,1.5088231542626531
0.20930247991901568,-0.13218339047632188,0.07855084665532001,0.45611533773059526,1.5183296999968778,0.18127713467827217,0.35137200304146754,happy,1.5183296999968778
0.2019353350824168,-0.18392537007474793,0.019440888848423783,0.3373768773293046,-2.0752613441879606,0.3263499663340071,0.12598642112769137,nothappy,2.0752613441879606
0.20136947308549638,-0.1846554788106651,0.04381893218549449,0.3403625446459288,-1.9725757368484464,0.3395060379507607,0.12138700812989216,nothappy,1.9725757368484464
0.19712593807860262,-0.1862876087033642,0.021403983243629472,0.3410264333352056,-2.2465980179454665,0.3116348921121054,0.1593219741391502,nothappy,2.2465980179454665
0.22595590843439264,-0.19008449101175098,0.0029371464328658676,0.3447374317980866,-1.7023636998447236,0.299577398761242,0.18188612580011362,nothappy,1.7023636998447236
0.22152167209207219,-0.18898339813322212,0.0024593006552098323,0.35137895122634744,-1.838154107525917,0.2982256306092333,0.17497249725208017,nothappy,1.838154107525917
0.22628237557472916,-0.1930526600052012,0.002160230960733771,0.35022764202784235,-1.9014336096504352,0.2800179204923002,0.1785573698162313,nothappy,1.9014336096504352
0.20446386438542724,-0.23109207230899578,0.024756735453906116,0.31862701303492996,-2.8906068121453607,0.26573462774370493,0.13642627062407273,nothappy,2.8906068121453607
0.2105888594384976,-0.23418273071894835,0.028578995758391353,0.3234963508157759,-2.7823050969272214,0.26278070281615523,0.1349856801668888,nothappy,2.7823050969272214
0.21305822431843194,-0.2329513097098506,0.022575793550448506,0.32316774534020265,-2.452209247020687,0.26132455221573964,0.09785287982727861,nothappy,2.452209247020687
0.1953188173287031,-0.17913940898616432,0.0014759248269883322,0.3033414562272094,-2.7029362285518195,0.2597431311807059,0.14377015430437853,nothappy,2.7029362285518195
0.19640387201851678,-0.18596335817219314,0.00226835547704363,0.3188009891074787,-2.5899024856342048,0.26960584184881786,0.3093068702992876,nothappy,2.5899024856342048
0.19954891645662615,-0.1834636260892252,0.0016495466852790666,0.3135715364918583,-2.7737887821910956,0.2861046442426175,0.10404306770831166,nothappy,2.7737887821910956
0.2193658389213789,-0.19804781458134285,0.04496552717122766,0.3521579083269625,-1.636905632891275,0.3056810830509245,0.10020813541978969,nothappy,1.636905632891275
0.21987743307777752,-0.19528077804756053,0.08293793155982004,0.35563919436390584,-1.8784922651602862,0.29362663042575377,0.1017471656345354,nothappy,1.8784922651602862
0.2120346073080636,-0.20154630819746017,0.09817668336200688,0.3629132159276417,-1.4282063295718357,0.3187007777007711,0.13704375131745622,nothappy,1.4282063295718357
0.20500471224400965,-0.20065376177639413,0.0011827463182264833,0.3528132425244758,-1.380461783149613,0.31697530930922013,0.34969979094109516,nothappy,1.380461783149613
0.2036238509942377,-0.20264133106548693,0.0010113940682725882,0.35905866533571357,-1.6411929228315079,0.2601439570732078,0.18459585216931165,nothappy,1.6411929228315079
0.20434620761321962,-0.20165085922635673,0.001645515219724099,0.36039231104296027,-1.4128079142569627,0.24793494787834192,0.18205793565864475,nothappy,1.4128079142569627
0.1936386063362586,-0.2056178957960189,0.00994140562546081,0.38414671181146176,-2.0018353956678,0.232240106362395,0.1395808965397352,nothappy,2.0018353956678
0.1882171616792394,-0.2073269897471888,0.009071959559573697,0.38563180888172266,-2.292776648636153,0.24071836813116876,0.1410466436263864,nothappy,2.292776648636153
0.19324203788994915,-0.1949531688012329,0.0018760467817287392,0.37684152923690406,-2.2403260605402777,0.23959390338912714,0.14126845278143016,nothappy,2.2403260605402777
0.20366315057686274,-0.22095520546998168,0.014339187980136519,0.3908256951984931,-3.811189746468998,0.20498457174419446,0.18576210617999442,nothappy,3.811189746468998
0.20562608591195738,-0.21853277482471795,0.02008042697003241,0.3710657332127165,-3.697729758472636,0.20817468334906972,0.18751838202417148,nothappy,3.697729758472636
0.205748247816134,-0.2285851045410849,0.016154631883954034,0.38167824876574935,-3.235571694026599,0.20830690971375806,0.18510153964013693,nothappy,3.235571694026599
0.20923867634627505,-0.2213203030140051,0.0433675594610966,0.3858523536197463,-3.353775601933622,0.2861724057988999,0.17866946319020713,nothappy,3.353775601933622
0.22732098060383604,-0.1945427689818967,0.021204016694629558,0.3429614388399915,-2.701742419677257,0.27284037986522897,0.13674918867141878,nothappy,2.701742419677257
0.22696633023003823,-0.20108735051134263,0.03566517555543112,0.34650089872455125,-2.7978958026906695,0.22255029384528674,0.18181857927620465,nothappy,2.7978958026906695
0.224052988844743,-0.19874492598642882,0.024904523899462853,0.344235654879266,-2.780710893788531,0.21454853048429184,0.18223586710977263,nothappy,2.780710893788531
0.2136586963066267,-0.16031920667724583,0.008201784953947517,0.383308356313366,-3.2043605907612527,0.2544444516164414,0.12132274081798514,nothappy,3.2043605907612527
0.20616313294406724,-0.14821645861264468,0.010904514442066604,0.3726447812416179,-3.3895458799014073,0.25748824000991716,0.1158085597680239,nothappy,3.3895458799014073
0.20900617591398926,-0.14890483572243018,0.003020151986415822,0.3812944171777141,-3.415294732089209,0.2575550579444779,0.1162255640372826,nothappy,3.415294732089209
0.19747415274035648,-0.14604420965131815,0.00027218555342512716,0.3750215793384654,-1.3944067666859121,0.2513081229895171,0.32100352073957056,nothappy,1.3944067666859121
0.19878281442303608,-0.14068640809830688,0.0016195441285516343,0.3865844300677433,-1.4248452921864545,0.25188266473418136,0.322698811417369,nothappy,1.4248452921864545
0.20004660460561066,-0.1422281573110784,0.0013732900889987265,0.39040456241225285,-1.2947937171545794,0.25413969616360943,0.3225378625618625,nothappy,1.2947937171545794
0.2067607319980624,-0.19728428388780098,0.06408339053787261,0.344123956525534,-2.988191727070231,0.2196909635014664,0.16251751958532584,nothappy,2.988191727070231
0.205274386274925,-0.20078402392164912,0.07050332689831774,0.3469754726972424,-2.7932355154309527,0.21968475070631752,0.17087282049226557,nothappy,2.7932355154309527
0.20385294543588808,-0.19632879874884682,0.059942418621799054,0.3432648783590839,-2.9087415078349372,0.2044162433936175,0.24690328028046987,nothappy,2.9087415078349372
0.1987977576971063,-0.21785738359033255,0.019616525838155912,0.3870041938492352,0.659093785047282,0.22343358093552837,0.1791524330235558,nothappy,0.659093785047282
0.19794512135898126,-0.21463216953132178,0.02878530751457432,0.3844885403271808,0.5582068713615219,0.23550094257038995,0.1412179636339461,nothappy,0.5582068713615219
0.19833406906294412,-0.213237701703915,0.017414448544854043,0.3802177973115966,0.8230036622874095,0.22533664946434223,0.1787012731834562,nothappy,0.8230036622874095
0.20156468862860605,-0.22060705597764008,0.08502374078436903,0.3961328802471786,0.3110630374829913,0.2164066559926534,0.17136025533179344,nothappy,0.3110630374829913
0.19487005176512856,-0.21913614682429686,0.08384110464075958,0.397805091557284,0.332568470346119,0.23225927156445145,0.17223836172054116,nothappy,0.332568470346119
0.19075953764878814,-0.2095207232507383,0.002340897605427214,0.32465381107396946,-3.069525742079413,0.23200575414497965,0.2232136073839087,nothappy,3.069525742079413
0.18996176137131937,-0.2044456725729825,0.0036003172217085955,0.323492986182116,-3.1004051503068624,0.23988893502981778,0.22296544712745636,nothappy,3.1004051503068624
0.18740409133425964,-0.20609394615520105,0.0039927061607978745,0.33220672688891784,-3.282846126356039,0.22066043855679937,0.22308420781321342,nothappy,3.282846126356039
0.20585562494591084,-0.1472080096886042,0.018587925619499283,0.36357400812313323,-1.4125188237041542,0.31134435789040765,0.3324081563794787,nothappy,1.4125188237041542
0.2071030956774983,-0.15058402558958492,0.023491238846366173,0.36121458221759134,-1.2202953850386948,0.2926631539178404,0.3277337081836539,nothappy,1.2202953850386948
0.2080321149218554,-0.14756717340399314,0.022603461489966677,0.3641993016737883,-1.2407018572405208,0.31284226878075366,0.3326309629885373,nothappy,1.2407018572405208
0.19132726581938153,-0.17728605999279373,0.0004989038860921055,0.3915363722589488,-0.15593590199814408,0.2850720914125947,0.3208146615040393,nothappy,0.15593590199814408
0.19529324432373837,-0.1769245258798486,0.0021330815223052496,0.40120581330153965,0.2471987939295599,0.2665591219644985,0.3118116110934846,nothappy,0.2471987939295599
0.19631763320395218,-0.17490003697030124,0.0013496581301891436,0.3981380529799858,0.58861249859876,0.2704630813270865,0.33012718118031054,nothappy,0.58861249859876
0.20470682335804916,-0.22774238144052858,0.002662715966309309,0.39888165938176534,1.2379964841438873,0.22164107918607856,0.17385115470605536,nothappy,1.2379964841438873
0.20804937244251073,-0.23481275055770331,0.003393534958262857,0.40733169235133404,1.127180152870656,0.23660967239654668,0.3252656136366729,nothappy,1.127180152870656
0.2079766285368229,-0.22347120972763634,0.0012459355712747225,0.3918853679893731,1.292034506111568,0.2377701326547288,0.32737355669423396,nothappy,1.292034506111568
0.21379749658338623,-0.2012984731153997,0.005785999956746629,0.395754691799827,0.44025003596040646,0.24443472167522623,0.12393433614466438,nothappy,0.44025003596040646
0.22409552888287504,-0.2027919096082897,0.010006108587433712,0.38716500466624554,0.8522331141303977,0.2481780127534161,0.13634786511544553,nothappy,0.8522331141303977
0.2081452757130265,-0.2121969143505529,0.015598879283231717,0.37849929653411196,0.5014948535665855,0.2482161581858107,0.16014219298414678,nothappy,0.5014948535665855
0.20704364547499665,-0.228734473231393,0.011614277938361341,0.3471946229848892,3.769918546952956,0.23955680473336952,0.3071897430633416,nothappy,3.769918546952956
0.20647043903407214,-0.16768753282322515,0.024585751054011406,0.35124054564433443,-2.8882710172122072,0.29563589131523094,0.10288702902167451,nothappy,2.8882710172122072
0.2054302449570549,-0.165742551665715,0.04101042952671012,0.35172773637816945,-3.0573512217471643,0.29919314603591574,0.0941999097271676,nothappy,3.0573512217471643
0.21636264231414606,-0.17887713283895273,0.01054570327337364,0.31562227436929435,-2.370954344628192,0.2679968310000402,0.0794480630042432,nothappy,2.370954344628192
0.20746377577062985,-0.1864146470202003,0.005622117770484614,0.32388184426362887,-2.6858997008972554,0.2934822046513431,0.09832822750928884,nothappy,2.6858997008972554
0.2127642833261334,-0.1907425359792787,0.011541093490692865,0.3420061182354166,-2.49027473966336,0.267633799891937,0.09256345164330015,nothappy,2.49027473966336
0.20927525072256803,-0.21493276159899044,0.015701603146576953,0.35290377086318814,-5.711725469731332,0.25961703455628105,0.293389935818751,nothappy,5.711725469731332
0.21091963905530936,-0.21335728783970495,0.011038288686358887,0.3534189318545665,-5.6560877282518325,0.2554698974749113,0.2975826570479109,nothappy,5.6560877282518325
0.20923962640073468,-0.2111950617744178,0.01082853432988875,0.3542776002814877,-5.5086997726996145,0.2702282771517682,0.2685282767536706,nothappy,5.5086997726996145
0.20658736902556712,-0.20159363103598904,0.02496681904816571,0.3811256775672439,-4.983327927873313,0.284271076246379,0.24379945077432288,nothappy,4.983327927873313
0.20421933814106732,-0.197257605639917,0.018368582829849843,0.3758679314352477,-5.230673015626931,0.2801638338673523,0.24311125114982535,nothappy,5.230673015626931
0.17705604921601747,-0.2178291740139142,0.001835987051139535,0.37487085627102873,-2.365497338189768,0.2187792659990508,0.14183685030067927,nothappy,2.365497338189768
0.17528360402953302,-0.21539001024939305,0.0016698128273820497,0.37376096236622774,-2.3915599596889114,0.21439676589379422,0.14437898064490767,nothappy,2.3915599596889114
0.1778162521988202,-0.21430225426640712,0.0020141805164698595,0.3692332544068569,-2.412559021897388,0.22536911762844963,0.1440206692109871,nothappy,2.412559021897388
0.21653077262234888,-0.18019885581455508,0.022479570166645594,0.39421869133116066,-8.10171046613195,0.2813663365538774,0.29130094147429303,nothappy,8.10171046613195
0.21586488480442798,-0.17152933188370015,0.028497432551156672,0.4062884821975412,-9.007539329760267,0.3217048798004119,0.23863698262601893,nothappy,9.007539329760267
0.2041409893925029,-0.22238005426085786,0.09111089736922248,0.33262708295840215,2.4638643943608436,0.23723223826141435,0.3223497144144985,nothappy,2.4638643943608436
0.20473033170875043,-0.22034389997917,0.09505070848275765,0.3334571865175646,2.482890462598073,0.2335712891250995,0.3239876629546659,nothappy,2.482890462598073
0.21637525484678372,-0.19038027721024492,0.005524667548925081,0.37671025054039003,-0.5790855105910608,0.2851975723580934,0.09270905901745549,nothappy,0.5790855105910608
0.2192172288130017,-0.19150305300288883,0.005989151372391879,0.3736124461022708,-0.7847916330341104,0.2930949401299488,0.09113745631454856,nothappy,0.7847916330341104
0.2120198276013348,-0.20948155660511697,0.046343019646964426,0.3648366216390945,2.1505899162064757,0.21908228751903686,0.35732593097875254,nothappy,2.1505899162064757
0.21023467932862566,-0.20765461191473367,0.04517071583267269,0.3635491409650369,2.294476028233745,0.21385001219475872,0.3576091039303351,nothappy,2.294476028233745
0.19340217885337563,-0.19720396050543226,0.02807126635174505,0.37996871505023394,1.9213449348293854,0.21115415135927293,0.35904343283276996,nothappy,1.9213449348293854
0.1897186813364919,-0.1972731000132962,0.020380622101418642,0.3749144461919216,1.842128863693955,0.21480573474640288,0.3365234072847891,nothappy,1.842128863693955
0.18950053673110567,-0.19569870596547426,0.019078657427188842,0.371822558128251,1.9849753346348373,0.21423274789521876,0.357126900487465,nothappy,1.9849753346348373
0.20589489316869294,-0.130183672604409,0.0044557939309089545,0.38563240731399767,-2.372105649530142,0.21792931519628686,0.15625619687934753,nothappy,2.372105649530142
0.20466837758352707,-0.12492302811260768,0.004432829389393469,0.3792925063321881,-2.536937808791603,0.22841829097753186,0.15368163311691946,nothappy,2.536937808791603
0.2050974792482296,-0.12785493024899927,0.005864122456618638,0.3800519222388846,-2.4029581440981693,0.22410803921918246,0.15601575334479675,nothappy,2.4029581440981693
0.19400454764271008,-0.15636782045533784,0.012878125263748338,0.34464763129793086,-3.7929761703189557,0.1796557034941739,0.24112019832695303,nothappy,3.7929761703189557
0.1939968982590614,-0.16155813808798855,0.0009004839869063247,0.42265376496001633,-2.4672679797546397,0.2285366129348182,0.13019778800639287,nothappy,2.4672679797546397
0.19437152808683408,-0.16058181559404916,0.0014457423905527983,0.42256079394456525,-2.5700074245954028,0.22137074930001485,0.12925730402765137,nothappy,2.5700074245954028
0.1934779692677329,-0.15977826520693322,0.0012601484743940755,0.42441693032993505,-2.49259521150523,0.2221979671528345,0.12982262968904246,nothappy,2.49259521150523
0.19782372514897612,-0.19455324912312313,0.014933480977300956,0.37864983661370305,-2.3056256370201,0.3068291560446488,0.08809168009973976,nothappy,2.3056256370201
0.2109854139297642,-0.1946663640955721,0.0008682215979333843,0.3266364602332191,3.907178799457488,0.22812034169717635,0.3343962178959055,nothappy,3.907178799457488
0.20245204005891143,-0.23104717786538237,0.002119897131074035,0.350366173997817,0.42106233678980043,0.25457796651699016,0.32121354162667326,nothappy,0.42106233678980043
0.20213866435233355,-0.23006485457930628,0.0030552449566267352,0.35154932859432203,0.333487141033453,0.2471016127263589,0.3207961506028819,nothappy,0.333487141033453
0.20176860779671343,-0.23143220292932215,0.0012636775046141401,0.35374221673794604,0.5042066005145768,0.2579796017146492,0.32216838161472644,nothappy,0.5042066005145768
0.20634767481863697,-0.21388886283887268,0.004956016980336396,0.379126778473174,-0.9067891200064415,0.22347443531419572,0.17962526975753235,nothappy,0.9067891200064415
0.21199545587535054,-0.21191022910496554,0.003954468215014194,0.37312137094005043,-0.9828235108358948,0.2292137811849321,0.18313073102935326,nothappy,0.9828235108358948
0.20702685169577498,-0.21553585219541044,0.004662643510293337,0.37647171749220565,-0.7843128836938795,0.22846391078691283,0.18070405107060694,nothappy,0.7843128836938795
0.20745480097201938,-0.18609908798411104,0.001853015173031911,0.33297428514175637,-0.7136750631678136,0.21437031579005159,0.18047843694298207,nothappy,0.7136750631678136
0.20475994794317054,-0.1952405475047669,0.004856163080502296,0.3429458795604204,-0.853238507827011,0.20559118244939203,0.17780158008155414,nothappy,0.853238507827011
0.2045318966015574,-0.19633962903153404,0.004869696044822713,0.3343187470705125,-0.9361029629508689,0.21296309217971637,0.1553432325825273,nothappy,0.9361029629508689
0.20924449334094247,-0.23112100751039988,0.010381007946888019,0.35506755601274803,-1.9520935441258804,0.21421733673736398,0.1765841763167675,nothappy,1.9520935441258804
0.2069931818920475,-0.2192133230057661,0.024696914244499744,0.36299445414777537,-1.723143603682147,0.20867039714402416,0.19397223583223797,nothappy,1.723143603682147
0.20966390547806688,-0.22531843242133676,0.02089064367709648,0.3553782541964156,-1.9523570858370034,0.21325669650388124,0.19719537397437328,nothappy,1.9523570858370034
0.1987083810650093,-0.21720451909279068,0.0039269820628774375,0.3668129837835897,2.4016825839297784,0.19644895455384362,0.4324713831809204,nothappy,2.4016825839297784
0.2041088897538342,-0.2197299433149907,0.0038750716009709075,0.35847885655854633,2.3496971124151766,0.20819955478024763,0.4297293456263902,nothappy,2.3496971124151766
0.1994194975564087,-0.21717715209554617,0.0025312904299905517,0.35437579450371376,2.1387643292646294,0.20639336750771956,0.3730516762846334,nothappy,2.1387643292646294
0.20514169411860037,-0.19716171699171928,0.003985464725985776,0.3510947417785096,2.630094126600084,0.19027267519394442,0.42277435198332153,nothappy,2.630094126600084
0.20072660411544635,-0.19728535065211425,0.0026847395885787155,0.3507283461659859,2.3597090869222375,0.19494739538381073,0.36012021030169666,nothappy,2.3597090869222375
0.203324322361222,-0.1929134999927343,0.004564281694552531,0.3448907830469744,2.6696801423761047,0.19664484811763883,0.3633785279701525,nothappy,2.6696801423761047
0.1930856628046608,-0.1429136796556719,0.0010593946027702434,0.3571940682526105,-0.6387384361238089,0.20862917048553917,0.3404347623177123,nothappy,0.6387384361238089
0.19317299063134985,-0.14429800392951103,0.0012630093382253384,0.3555878359147488,-0.35260986043738135,0.20696296156500638,0.3404761996164165,nothappy,0.35260986043738135
0.20443113489964182,-0.21515719063687164,0.005582149836937976,0.3356139212238146,-4.8763029459259,0.20035540843235208,0.24627578081928403,nothappy,4.8763029459259
0.20730903608158957,-0.21639924262446006,0.022699930993466743,0.33937053190501587,-5.400628066097194,0.20990968762205223,0.24575134000286544,nothappy,5.400628066097194
0.20551214058142955,-0.21617634477451655,0.012802776497090105,0.3335955113473574,-5.206879172120309,0.1983541254894693,0.24433215066480307,nothappy,5.206879172120309
0.1920551691143583,-0.19960433239312494,0.0009609345146070607,0.3346796109495581,2.1772468861261896,0.2421960966253898,0.3297186873682446,nothappy,2.1772468861261896
0.19431060299570074,-0.19859512562553377,0.0008067730554999356,0.3408040885424948,2.1271857030891397,0.23806547658431315,0.32779135745489235,nothappy,2.1271857030891397
0.19244942125109107,-0.20171607005003556,0.0018634869871904072,0.33506719994409806,1.8946644184637926,0.24340835914994408,0.3274367713765193,nothappy,1.8946644184637926
0.20376359966134044,-0.222381019846112,0.0010266919904251403,0.3449620446267245,0.1890820103895043,0.31735564239670416,0.34352996797672736,nothappy,0.1890820103895043
0.19765461885921817,-0.225767368970067,0.0009160569920051096,0.3466053761458618,0.2849727087341083,0.31764240603274696,0.3473959302553924,nothappy,0.2849727087341083
0.22308494107558277,-0.3064070310488349,0.180056700168809,0.3221008824094834,-1.9023928063812163,0.22383066351167305,0.2565948294023123,not_confused,1.9023928063812163
0.22285717823706636,-0.31129761553674473,0.17756739453546838,0.323351490393218,-1.9373080309365422,0.22983834143032703,0.2606494483935168,not_confused,1.9373080309365422
0.22138563287232438,-0.31323259638684303,0.1760956972495277,0.31587624901692435,-1.7368078083440284,0.23488603149336215,0.258127521299325,not_confused,1.7368078083440284
0.21565225251108408,-0.28036966090660004,0.22157301761961432,0.36620642306623,-1.8417142862791338,0.2225029080599227,0.24415833755992186,not_confused,1.8417142862791338
0.21040245456224457,-0.2782317265321273,0.22448275527013048,0.36433140843516676,-1.9093360427548127,0.23167450293672648,0.22725287768446087,not_confused,1.9093360427548127
0.210430798479946,-0.2735508203275529,0.20410114923726372,0.34707552051954305,-1.528120372881794,0.2177234151171199,0.34164342536773246,not_confused,1.528120372881794
0.20702031137404142,-0.307814568651169,0.1790369531156309,0.34515127921833727,0.02762081500728854,0.20644776653895974,0.19694730032013882,not_confused,0.02762081500728854
0.2081812443805543,-0.3101728512595163,0.19210216144161416,0.3551650185766993,0.15121882385218333,0.20838467642753047,0.1957356606841396,not_confused,0.15121882385218333
0.2010380088324379,-0.3127393281198785,0.20075001056645184,0.34573874198805854,0.09529560826010634,0.21931013771831612,0.17621580474770762,not_confused,0.09529560826010634
0.21093809358065405,-0.3584542638365555,0.2505438730947346,0.33947060654703914,1.0573910044614832,0.2648407316564527,0.34051579394964115,not_confused,1.0573910044614832
0.21692113345698974,-0.3442995762731609,0.20703701180117856,0.30799463369905383,0.7015494599855476,0.26683512164897766,0.3390159363297644,not_confused,0.7015494599855476
0.21529910706178793,-0.29731492154208616,0.17053415044872175,0.29444417670607653,-2.075469946264661,0.3391830723349463,0.3454737601827631,not_confused,2.075469946264661
0.21533888188944658,-0.30813949431219195,0.196578104813591,0.29349111154359525,-2.129976871848311,0.260465745117767,0.1900097905853455,not_confused,2.129976871848311
0.21420680984934995,-0.3015750902711493,0.18640938225322023,0.29361425100253197,-1.9848677998707134,0.311333139853373,0.34165924841799805,not_confused,1.9848677998707134
0.22290809141225829,-0.2801886900760495,0.12423937172207537,0.3953352712191664,-1.5565574264056885,0.2276118706958129,0.15432537143588498,not_confused,1.5565574264056885
0.21915855341495136,-0.29363171874770966,0.15119928864513932,0.3795778794123349,-1.4258752221151585,0.2193685012802823,0.19184332917076827,not_confused,1.4258752221151585
0.22918293978732784,-0.30272380530958437,0.21929786184409894,0.31473612090232067,0.8719435765563042,0.3130403893078961,0.348189403094621,not_confused,0.8719435765563042
0.22840756687201688,-0.3271262467190558,0.24943583040157177,0.30518728592959327,1.7224416999315313,0.27949325163534694,0.3408265361145775,not_confused,1.7224416999315313
0.23041782337390357,-0.32423344108277347,0.2513700051671418,0.3147278100703497,1.6232215019927065,0.27171520995102116,0.3432545438487296,not_confused,1.6232215019927065
0.2092838136605086,-0.2908679447313165,0.21606994961460782,0.3621833634136778,-1.9551199621818847,0.24442429042183303,0.3203253777238926,not_confused,1.9551199621818847
0.2126844299205895,-0.2892102862205438,0.2082841133952412,0.36835368337913055,-2.0686270356624212,0.2370491815307552,0.23976729275443728,not_confused,2.0686270356624212
0.22951051567271724,-0.2943942600979529,0.16037656569340222,0.30188758302964874,-1.065818462988576,0.258882585071237,0.34168183357863946,not_confused,1.065818462988576
0.230542044754571,-0.29533148904170475,0.17170404134240283,0.3014079340065373,-1.302272768399389,0.2553600927925507,0.34470906823642417,not_confused,1.302272768399389
0.23022171487619006,-0.29382248397777483,0.16290717309555566,0.30218321849088386,-0.9721958098720872,0.26953584645227113,0.328894763595886,not_confused,0.9721958098720872
0.22964642863318946,-0.2781062523851024,0.1379088570261717,0.33178552898076763,-3.2958566509204665,0.20402933201182852,0.19161065146895837,not_confused,3.2958566509204665
0.23033889666280877,-0.27519229965216657,0.13422549967129951,0.33168632265899806,-3.146596352331467,0.20943088228519427,0.1853107495893355,not_confused,3.146596352331467
0.22799872443529548,-0.27462241327902753,0.1344946559947093,0.336067820776171,-3.9640241092352557,0.20109558031361505,0.19386735352881854,not_confused,3.9640241092352557
0.21488993361126713,-0.20066261902640983,0.0030400464264580215,0.4601331779672738,-0.07387817248774287,0.21946812739810145,0.335423590034251,not_confused,0.07387817248774287
0.2153336273345656,-0.2023702250625364,0.0031990213761123355,0.4621373835807342,0.04721466114058684,0.23256818202478186,0.33310677314063675,not_confused,0.04721466114058684
0.21261520685243143,-0.19883469814788474,0.0014821783903837787,0.46192315019557223,-0.10723553601995621,0.2297514505937688,0.33578886988010515,not_confused,0.10723553601995621
0.22167190149635946,-0.20330423088734867,0.0010875877027938998,0.3732043496404623,-1.093288124609218,0.27565601173665893,0.3523522731199524,not_confused,1.093288124609218
0.22122130318136848,-0.19748861821967384,0.00148734068549857,0.36915356560507706,-1.0318938568619107,0.2773612384511546,0.3501952580437403,not_confused,1.0318938568619107
0.21945307167629144,-0.19850408123362714,0.002115609996004596,0.37254258236167526,-1.0045817063172762,0.2742124430292792,0.3475261549784449,not_confused,1.0045817063172762
0.21332214293559887,-0.18483167942548942,0.008288771721988903,0.37038955057422723,-1.5784150861162725,0.26742020958127344,0.3321590011681299,not_confused,1.5784150861162725
0.21650005434756314,-0.17922650000128426,0.00987839740861974,0.37553891384362187,-1.3505407433588712,0.2566925729772412,0.33212906447333024,not_confused,1.3505407433588712
0.21359790261264935,-0.17649524965446017,0.005576798604208016,0.3797211950830031,-1.4601194798430834,0.2631350065653516,0.330852228835004,not_confused,1.4601194798430834
0.1951675129524722,-0.19526347970631028,0.002060097479482262,0.38409743283944375,0.7993490855478078,0.2547867005957667,0.3211296647261114,not_confused,0.7993490855478078
0.19367943374926677,-0.1929947192783728,0.0016733510805124203,0.38911782251855603,0.7420440240930205,0.2525889710303281,0.31967614466579025,not_confused,0.7420440240930205
0.19422631355533884,-0.1931303831118987,0.0017588555736845841,0.3944611658140259,0.6887575036086958,0.25980509913057387,0.32230285409576104,not_confused,0.6887575036086958
0.22371668720210583,-0.19324147888890547,0.0050703442480922335,0.47617267621970666,-0.6988239059527268,0.22223288208339192,0.24906284835087636,not_confused,0.6988239059527268
0.2211804485950422,-0.1883968510173346,0.004635642386208362,0.4803125396923339,-1.0108280577929036,0.22902447177888316,0.22158026189725294,not_confused,1.0108280577929036
0.22283064389969717,-0.18271748719131584,0.003017105705296493,0.476344970766604,-0.9526842873876001,0.22238566496405737,0.21959090995736813,not_confused,0.9526842873876001
0.2154003252478076,-0.18743042984998992,0.017125531605872966,0.40888248041025677,0.7481914551674164,0.30412178604240747,0.3371991784409466,not_confused,0.7481914551674164
0.21607383913288286,-0.1914703663663759,0.011655823969897066,0.4068981886941276,0.9349742536081389,0.27171984291391016,0.3383834118093293,not_confused,0.9349742536081389
0.21231714966130943,-0.1873058467319015,0.006001070120133164,0.4051020755638911,1.027477624080126,0.2853346827185728,0.34220895066107065,not_confused,1.027477624080126
0.21166056031979152,-0.19489139454569607,0.032579350566458824,0.38559006247796146,-0.2912564010863961,0.22887471603985438,0.15958621994755162,not_confused,0.2912564010863961
0.20878789404026576,-0.19209400583483915,0.013136774679829152,0.3886348463443742,-0.3355294938935298,0.23115442948773907,0.3428113510443686,not_confused,0.3355294938935298
0.20866381496070033,-0.19075235564566484,0.005402386651363116,0.39135953778284666,-0.3797398095405465,0.2355396700295362,0.3451262008616411,not_confused,0.3797398095405465
0.21151404682184333,-0.2156768003456989,0.009252328668898663,0.40884548064162585,-2.8004300964676325,0.2564235894238532,0.16968273545153614,not_confused,2.8004300964676325
0.20818376416851125,-0.21182947314757536,0.011132305900246116,0.4190861360807876,-2.8088494866808484,0.23926559589238988,0.16916432110782972,not_confused,2.8088494866808484
0.21711598042511454,-0.2096739274912302,0.013407521744369258,0.4164636933529945,-2.6978628850637714,0.2806796278020718,0.13534625552356389,not_confused,2.6978628850637714
0.21747534415367695,-0.14640815477139005,0.005436819509390868,0.3850303621211886,-0.8746342409627397,0.2537892749063232,0.35029408389567745,not_confused,0.8746342409627397
0.21469703338895135,-0.14851091909198216,0.009827235576111015,0.38516193770404816,-0.8484924090521927,0.2398624294519229,0.349961298894244,not_confused,0.8484924090521927
0.2177939824576929,-0.15187601714288737,0.009013068272474063,0.3960433806995792,-0.8810794549851109,0.27199891533753523,0.39578079895915996,not_confused,0.8810794549851109
0.21289600947926826,-0.17827163693005918,0.0013943017307972228,0.4066367643997706,2.810169061717004,0.24945864936639084,0.35664809498797084,not_confused,2.810169061717004
0.21462864150477776,-0.17764812935336521,0.0016257291218899723,0.4042542025107862,2.8275913363781813,0.24763173832240093,0.4128647032585529,not_confused,2.8275913363781813
0.2109486578295698,-0.1748681608055872,0.0008174249038086334,0.4114489691662613,2.7244190473885164,0.24361951464382361,0.35481303058214314,not_confused,2.7244190473885164
0.21597361046499167,-0.16427116539933792,0.009848917868687308,0.3605386111349427,-1.8875796861531584,0.28975078614522326,0.19685346115771174,not_confused,1.8875796861531584
0.21577298641693868,-0.16811396087358663,0.00963480122957431,0.36310019609067334,-2.004642852815763,0.30425321382794607,0.20255067241057934,not_confused,2.004642852815763
0.2118679246648203,-0.16732554579568273,0.007354140819517929,0.36083807329260525,-1.8905785009180078,0.3020898265257308,0.20270719509254656,not_confused,1.8905785009180078
0.22520041945821948,-0.24097922622196785,0.0014705342032652825,0.3530317109707764,-1.2438540475906126,0.23610168247255306,0.1972336377955049,not_confused,1.2438540475906126
0.21959175236678882,-0.23972842428160343,0.0018936342094958566,0.33362360321803614,-1.159413948843242,0.22470976239661908,0.19820961171104784,not_confused,1.159413948843242
0.2294026861072923,-0.25434900756462175,0.0018230436545144024,0.3476199613585061,-1.4539041741399457,0.2262468917264025,0.20193584097319836,not_confused,1.4539041741399457
0.21170057993192137,-0.18330932086421461,0.0013826607368675342,0.35248240471441766,0.5025473377539948,0.25511013574145724,0.3454256148054762,not_confused,0.5025473377539948
0.21418787674957,-0.18324783962282423,0.000858741416385531,0.35443958745486726,0.35398991115380163,0.2501501169579721,0.34347681317772827,not_confused,0.35398991115380163
0.21326003783398514,-0.18274259740516746,0.0008581446180367904,0.35313178153188907,0.9393359000366915,0.275212521986027,0.3473715876470819,not_confused,0.9393359000366915
0.2111263911422799,-0.16860886379518406,0.001274432296161751,0.3949813181269187,-0.49449525627961843,0.2283946933832219,0.18292801363702266,not_confused,0.49449525627961843
0.20915597627761567,-0.1631452580302047,0.0014821878549766527,0.3955585003309017,-0.5713555360626384,0.21910399795700816,0.185856654016995,not_confused,0.5713555360626384
0.2115489802274428,-0.16662955361816645,0.0021169209199182744,0.3938219736638994,-0.4089960735377575,0.22409505972962243,0.18126575452777371,not_confused,0.4089960735377575
0.24047159966151022,-0.2318395128791003,0.00035432305787362617,0.4483666476334209,-0.3535136541131641,0.24035880299010037,0.18351607632962658,not_confused,0.3535136541131641
0.23919695151538306,-0.23010446767375883,0.0005812911033437915,0.4450870368745938,-0.3670422187114793,0.23969530712270073,0.18444493915078114,not_confused,0.3670422187114793
0.24094341731730376,-0.2343657279291892,0.0011379627470142575,0.4438792023787145,-0.10215064390677231,0.24234124446691624,0.33846331482775915,not_confused,0.10215064390677231
0.20887631297747894,-0.1664080491527757,0.00021040988944110944,0.350064239614814,-1.0478023742654614,0.2595705289129494,0.3465152674498088,not_confused,1.0478023742654614
0.20933470985053207,-0.1614376433666701,0.0012577614460741306,0.3507235877975381,-0.8013815120216112,0.27590046743640273,0.3488091697321334,not_confused,0.8013815120216112
0.20526015707066803,-0.16002316280750245,0.00044528733899889736,0.3417689273132801,-0.8572018026847111,0.26679618066825284,0.3464846207563736,not_confused,0.8572018026847111
